{"dims": ["BU_UOX", "BU_MOX", "Fr_MOX", "TC_MOX", "Pu_TOT"], "tiles": {"TC_MOX/Pu_TOT": {"tile": [[0.06410641064106411, 0.064006400640064, 0.04580458045804581, 0.0203020302030203, 0.005900590059005901], [0.0594059405940594, 0.06830683068306831, 0.0445044504450445, 0.0213021302130213, 0.0065006500650065], [0.056405640564056406, 0.07600760076007601, 0.040104010401040106, 0.0195019501950195, 0.008100810081008101], [0.054205420542054204, 0.074007400740074, 0.0443044304430443, 0.0215021502150215, 0.006000600060006], [0.048604860486048604, 0.07960796079607961, 0.045004500450045004, 0.0195019501950195, 0.0070007000700070005]], "dim": ["TC_MOX", "Pu_TOT"], "mark": [[0.001495, 4.001196, 8.000897, 12.000598000000002, 16.000299000000002, 20.0], [9.1675823, 11.39472524, 13.62186818, 15.84901112, 18.07615406, 20.303297]]}, "BU_UOX/Fr_MOX": {"tile": [[0.039903990399039906, 0.0409040904090409, 0.038203820382038206, 0.0393039303930393, 0.041404140414041404], [0.040104010401040106, 0.0391039103910391, 0.0428042804280428, 0.0387038703870387, 0.0393039303930393], [0.041604160416041605, 0.041004100410041, 0.0367036703670367, 0.0411041104110411, 0.039603960396039604], [0.0393039303930393, 0.0373037303730373, 0.04390439043904391, 0.041004100410041, 0.0386038603860386], [0.039603960396039604, 0.041604160416041605, 0.038203820382038206, 0.039403940394039404, 0.041304130413041304]], "dim": ["BU_UOX", "Fr_MOX"], "mark": [[30.0, 37.0, 44.0, 51.0, 58.0, 65.0], [0.0, 0.04, 0.08, 0.12, 0.16, 0.2]]}, "BU_UOX/BU_MOX": {"tile": [[0.040104010401040106, 0.0405040504050405, 0.0391039103910391, 0.0424042404240424, 0.037603760376037604], [0.0387038703870387, 0.0409040904090409, 0.037703770377037704, 0.0408040804080408, 0.041904190419041906], [0.0409040904090409, 0.0405040504050405, 0.039003900390039, 0.0391039103910391, 0.0405040504050405], [0.039403940394039404, 0.039003900390039, 0.043304330433043305, 0.0388038803880388, 0.039603960396039604], [0.0408040804080408, 0.0391039103910391, 0.0408040804080408, 0.0389038903890389, 0.0405040504050405]], "dim": ["BU_UOX", "BU_MOX"], "mark": [[30.0, 37.0, 44.0, 51.0, 58.0, 65.0], [30.0, 37.0, 44.0, 51.0, 58.0, 65.0]]}, "BU_MOX/Pu_TOT": {"tile": [[0.0445044504450445, 0.0776077607760776, 0.0484048404840484, 0.022602260226022602, 0.006800680068006801], [0.0502050205020502, 0.07550755075507551, 0.046804680468046804, 0.0205020502050205, 0.0070007000700070005], [0.06060606060606061, 0.075007500750075, 0.040104010401040106, 0.0186018601860186, 0.0056005600560056], [0.05920592059205921, 0.0672067206720672, 0.04390439043904391, 0.022002200220022004, 0.007700770077007701], [0.06820682068206821, 0.0666066606660666, 0.0405040504050405, 0.0184018401840184, 0.006400640064006401]], "dim": ["BU_MOX", "Pu_TOT"], "mark": [[30.0, 37.0, 44.0, 51.0, 58.0, 65.0], [9.1675823, 11.39472524, 13.62186818, 15.84901112, 18.07615406, 20.303297]]}, "Fr_MOX/Pu_TOT": {"tile": [[0.00030003000300030005, 0.0232023202320232, 0.0859085908590859, 0.05920592059205921, 0.0319031903190319], [0.006200620062006201, 0.0859085908590859, 0.06890689068906891, 0.0373037303730373, 0.0016001600160016002], [0.06040604060406041, 0.0857085708570857, 0.0481048104810481, 0.0056005600560056, 0.0], [0.09570957095709572, 0.0886088608860886, 0.015201520152015202, 0.0, 0.0], [0.12011201120112011, 0.0785078507850785, 0.0016001600160016002, 0.0, 0.0]], "dim": ["Fr_MOX", "Pu_TOT"], "mark": [[0.0, 0.04, 0.08, 0.12, 0.16, 0.2], [9.1675823, 11.39472524, 13.62186818, 15.84901112, 18.07615406, 20.303297]]}, "BU_MOX/Fr_MOX": {"tile": [[0.04020402040204021, 0.0393039303930393, 0.0409040904090409, 0.04030403040304031, 0.0392039203920392], [0.041604160416041605, 0.041004100410041, 0.0408040804080408, 0.0388038803880388, 0.037803780378037805], [0.037903790379037905, 0.0405040504050405, 0.03850385038503851, 0.041204120412041204, 0.041804180418041806], [0.043604360436043606, 0.0392039203920392, 0.039603960396039604, 0.036103610361036105, 0.041504150415041505], [0.0372037203720372, 0.039903990399039906, 0.040004000400040006, 0.043104310431043104, 0.039903990399039906]], "dim": ["BU_MOX", "Fr_MOX"], "mark": [[30.0, 37.0, 44.0, 51.0, 58.0, 65.0], [0.0, 0.04, 0.08, 0.12, 0.16, 0.2]]}, "BU_MOX/TC_MOX": {"tile": [[0.038203820382038206, 0.0427042704270427, 0.041004100410041, 0.039503950395039504, 0.03850385038503851], [0.0425042504250425, 0.04020402040204021, 0.0411041104110411, 0.039903990399039906, 0.036303630363036306], [0.035803580358035804, 0.0391039103910391, 0.0406040604060406, 0.041604160416041605, 0.0428042804280428], [0.04210421042104211, 0.0407040704070407, 0.0375037503750375, 0.037803780378037805, 0.041904190419041906], [0.041504150415041505, 0.0373037303730373, 0.039903990399039906, 0.041204120412041204, 0.04020402040204021]], "dim": ["BU_MOX", "TC_MOX"], "mark": [[30.0, 37.0, 44.0, 51.0, 58.0, 65.0], [0.001495, 4.001196, 8.000897, 12.000598000000002, 16.000299000000002, 20.0]]}, "BU_UOX/Pu_TOT": {"tile": [[0.0, 0.06550655065506551, 0.05350535053505351, 0.04970497049704971, 0.031003100310031003], [0.008600860086008601, 0.0961096109610961, 0.054105410541054104, 0.0387038703870387, 0.0025002500250025004], [0.0518051805180518, 0.0819081908190819, 0.052605260526052605, 0.013701370137013702, 0.0], [0.09870987098709871, 0.06090609060906091, 0.0405040504050405, 0.0, 0.0], [0.12361236123612361, 0.0575057505750575, 0.019001900190019003, 0.0, 0.0]], "dim": ["BU_UOX", "Pu_TOT"], "mark": [[30.0, 37.0, 44.0, 51.0, 58.0, 65.0], [9.1675823, 11.39472524, 13.62186818, 15.84901112, 18.07615406, 20.303297]]}, "BU_UOX/TC_MOX": {"tile": [[0.0388038803880388, 0.039003900390039, 0.04020402040204021, 0.0405040504050405, 0.041204120412041204], [0.038203820382038206, 0.043204320432043204, 0.04220422042204221, 0.040104010401040106, 0.036303630363036306], [0.0425042504250425, 0.0386038603860386, 0.036403640364036406, 0.041804180418041806, 0.0407040704070407], [0.041004100410041, 0.039903990399039906, 0.0389038903890389, 0.039803980398039805, 0.0405040504050405], [0.039603960396039604, 0.0393039303930393, 0.0424042404240424, 0.037803780378037805, 0.041004100410041]], "dim": ["BU_UOX", "TC_MOX"], "mark": [[30.0, 37.0, 44.0, 51.0, 58.0, 65.0], [0.001495, 4.001196, 8.000897, 12.000598000000002, 16.000299000000002, 20.0]]}, "Fr_MOX/TC_MOX": {"tile": [[0.038203820382038206, 0.041504150415041505, 0.04220422042204221, 0.039903990399039906, 0.0387038703870387], [0.041404140414041404, 0.039503950395039504, 0.039603960396039604, 0.0405040504050405, 0.0389038903890389], [0.0406040604060406, 0.0405040504050405, 0.0391039103910391, 0.0372037203720372, 0.0424042404240424], [0.0389038903890389, 0.0388038803880388, 0.039903990399039906, 0.04220422042204221, 0.039703970397039705], [0.041004100410041, 0.039703970397039705, 0.0393039303930393, 0.04020402040204021, 0.040004000400040006]], "dim": ["Fr_MOX", "TC_MOX"], "mark": [[0.0, 0.04, 0.08, 0.12, 0.16, 0.2], [0.001495, 4.001196, 8.000897, 12.000598000000002, 16.000299000000002, 20.0]]}}, "range": {"BU_UOX": [30.0, 65.0], "BU_MOX": [30.0, 65.0], "Fr_MOX": [0.0, 0.2], "TC_MOX": [0.001495, 20.0], "Pu_TOT": [9.1675823, 20.303297]}}