{"header": {"BU_UOX": [30.0, 65.0], "BU_MOX": [30.0, 65.0], "Fr_MOX": [0.0, 0.2], "TC_MOX": [0.001495, 20.0], "Pu_TOT": [9.1675823, 20.303297]}, "tiles": {"TC_MOX/Pu_TOT": {"tile": [[270.0, 411.0, 288.0, 247.0, 127.0, 71.0, 16.0], [270.0, 406.0, 294.0, 221.0, 133.0, 77.0, 27.0], [247.0, 403.0, 339.0, 219.0, 127.0, 74.0, 20.0], [238.0, 423.0, 336.0, 203.0, 123.0, 67.0, 35.0], [193.0, 453.0, 312.0, 224.0, 142.0, 89.0, 17.0], [160.0, 470.0, 366.0, 213.0, 140.0, 58.0, 23.0], [152.0, 462.0, 359.0, 232.0, 130.0, 66.0, 26.0]], "dim": ["TC_MOX", "Pu_TOT"], "mark": [[0.001495, 2.858424285714286, 5.715353571428572, 8.572282857142858, 11.429212142857144, 14.286141428571431, 17.143070714285713, 20.0], [9.1675823, 10.758398685714285, 12.34921507142857, 13.940031457142858, 15.530847842857142, 17.12166422857143, 18.712480614285717, 20.303297]]}, "BU_UOX/Fr_MOX": {"tile": [[199.0, 195.0, 216.0, 196.0, 200.0, 206.0, 215.0], [208.0, 182.0, 205.0, 239.0, 206.0, 194.0, 194.0], [223.0, 203.0, 200.0, 205.0, 203.0, 191.0, 204.0], [226.0, 195.0, 210.0, 183.0, 188.0, 216.0, 210.0], [197.0, 223.0, 181.0, 205.0, 218.0, 216.0, 189.0], [183.0, 201.0, 221.0, 218.0, 209.0, 193.0, 203.0], [198.0, 229.0, 195.0, 180.0, 202.0, 214.0, 212.0]], "dim": ["BU_UOX", "Fr_MOX"], "mark": [[30.0, 35.0, 40.0, 45.0, 50.0, 55.0, 60.0, 65.0], [0.0, 0.028571428571428574, 0.05714285714285715, 0.08571428571428572, 0.1142857142857143, 0.14285714285714288, 0.17142857142857143, 0.2]]}, "BU_UOX/BU_MOX": {"tile": [[218.0, 216.0, 208.0, 185.0, 220.0, 173.0, 207.0], [196.0, 209.0, 209.0, 181.0, 210.0, 236.0, 187.0], [188.0, 194.0, 205.0, 202.0, 203.0, 219.0, 218.0], [216.0, 212.0, 198.0, 210.0, 194.0, 196.0, 202.0], [226.0, 195.0, 184.0, 215.0, 211.0, 197.0, 201.0], [177.0, 210.0, 216.0, 222.0, 200.0, 196.0, 207.0], [206.0, 193.0, 209.0, 212.0, 190.0, 212.0, 208.0]], "dim": ["BU_UOX", "BU_MOX"], "mark": [[30.0, 35.0, 40.0, 45.0, 50.0, 55.0, 60.0, 65.0], [30.0, 35.0, 40.0, 45.0, 50.0, 55.0, 60.0, 65.0]]}, "BU_MOX/Pu_TOT": {"tile": [[115.0, 457.0, 352.0, 248.0, 160.0, 71.0, 24.0], [164.0, 443.0, 361.0, 228.0, 128.0, 83.0, 22.0], [192.0, 420.0, 344.0, 236.0, 142.0, 71.0, 24.0], [242.0, 445.0, 333.0, 204.0, 118.0, 69.0, 16.0], [233.0, 432.0, 320.0, 229.0, 115.0, 77.0, 22.0], [280.0, 407.0, 289.0, 203.0, 148.0, 71.0, 31.0], [304.0, 424.0, 295.0, 211.0, 111.0, 60.0, 25.0]], "dim": ["BU_MOX", "Pu_TOT"], "mark": [[30.0, 35.0, 40.0, 45.0, 50.0, 55.0, 60.0, 65.0], [9.1675823, 10.758398685714285, 12.34921507142857, 13.940031457142858, 15.530847842857142, 17.12166422857143, 18.712480614285717, 20.303297]]}, "Fr_MOX/Pu_TOT": {"tile": [[2.0, 3.0, 157.0, 469.0, 364.0, 289.0, 150.0], [0.0, 77.0, 504.0, 404.0, 254.0, 175.0, 14.0], [6.0, 442.0, 400.0, 308.0, 234.0, 38.0, 0.0], [150.0, 603.0, 352.0, 254.0, 67.0, 0.0, 0.0], [332.0, 645.0, 335.0, 111.0, 3.0, 0.0, 0.0], [463.0, 651.0, 304.0, 12.0, 0.0, 0.0, 0.0], [577.0, 607.0, 242.0, 1.0, 0.0, 0.0, 0.0]], "dim": ["Fr_MOX", "Pu_TOT"], "mark": [[0.0, 0.028571428571428574, 0.05714285714285715, 0.08571428571428572, 0.1142857142857143, 0.14285714285714288, 0.17142857142857143, 0.2], [9.1675823, 10.758398685714285, 12.34921507142857, 13.940031457142858, 15.530847842857142, 17.12166422857143, 18.712480614285717, 20.303297]]}, "BU_MOX/Fr_MOX": {"tile": [[202.0, 219.0, 198.0, 213.0, 201.0, 188.0, 206.0], [209.0, 177.0, 217.0, 216.0, 198.0, 198.0, 214.0], [202.0, 217.0, 216.0, 211.0, 191.0, 214.0, 178.0], [196.0, 193.0, 227.0, 186.0, 200.0, 209.0, 216.0], [202.0, 211.0, 195.0, 184.0, 197.0, 220.0, 219.0], [230.0, 210.0, 178.0, 209.0, 211.0, 198.0, 193.0], [193.0, 201.0, 197.0, 207.0, 228.0, 203.0, 201.0]], "dim": ["BU_MOX", "Fr_MOX"], "mark": [[30.0, 35.0, 40.0, 45.0, 50.0, 55.0, 60.0, 65.0], [0.0, 0.028571428571428574, 0.05714285714285715, 0.08571428571428572, 0.1142857142857143, 0.14285714285714288, 0.17142857142857143, 0.2]]}, "BU_MOX/TC_MOX": {"tile": [[193.0, 210.0, 225.0, 211.0, 214.0, 188.0, 186.0], [205.0, 210.0, 213.0, 206.0, 189.0, 199.0, 207.0], [213.0, 209.0, 185.0, 214.0, 195.0, 212.0, 201.0], [191.0, 184.0, 204.0, 205.0, 208.0, 233.0, 202.0], [228.0, 202.0, 198.0, 189.0, 203.0, 194.0, 214.0], [195.0, 211.0, 206.0, 204.0, 220.0, 183.0, 210.0], [205.0, 202.0, 198.0, 196.0, 201.0, 221.0, 207.0]], "dim": ["BU_MOX", "TC_MOX"], "mark": [[30.0, 35.0, 40.0, 45.0, 50.0, 55.0, 60.0, 65.0], [0.001495, 2.858424285714286, 5.715353571428572, 8.572282857142858, 11.429212142857144, 14.286141428571431, 17.143070714285713, 20.0]]}, "BU_UOX/Pu_TOT": {"tile": [[0.0, 42.0, 454.0, 256.0, 273.0, 244.0, 158.0], [0.0, 245.0, 467.0, 273.0, 235.0, 202.0, 6.0], [4.0, 541.0, 311.0, 277.0, 240.0, 56.0, 0.0], [55.0, 687.0, 273.0, 260.0, 153.0, 0.0, 0.0], [236.0, 655.0, 248.0, 269.0, 21.0, 0.0, 0.0], [520.0, 502.0, 254.0, 152.0, 0.0, 0.0, 0.0], [715.0, 356.0, 287.0, 72.0, 0.0, 0.0, 0.0]], "dim": ["BU_UOX", "Pu_TOT"], "mark": [[30.0, 35.0, 40.0, 45.0, 50.0, 55.0, 60.0, 65.0], [9.1675823, 10.758398685714285, 12.34921507142857, 13.940031457142858, 15.530847842857142, 17.12166422857143, 18.712480614285717, 20.303297]]}, "BU_UOX/TC_MOX": {"tile": [[186.0, 208.0, 193.0, 206.0, 199.0, 225.0, 210.0], [206.0, 212.0, 222.0, 210.0, 213.0, 177.0, 188.0], [205.0, 202.0, 212.0, 208.0, 205.0, 203.0, 194.0], [213.0, 192.0, 197.0, 175.0, 213.0, 216.0, 222.0], [218.0, 212.0, 189.0, 200.0, 202.0, 209.0, 199.0], [199.0, 210.0, 213.0, 193.0, 206.0, 214.0, 193.0], [203.0, 192.0, 203.0, 233.0, 192.0, 186.0, 221.0]], "dim": ["BU_UOX", "TC_MOX"], "mark": [[30.0, 35.0, 40.0, 45.0, 50.0, 55.0, 60.0, 65.0], [0.001495, 2.858424285714286, 5.715353571428572, 8.572282857142858, 11.429212142857144, 14.286141428571431, 17.143070714285713, 20.0]]}, "Fr_MOX/TC_MOX": {"tile": [[198.0, 184.0, 221.0, 223.0, 226.0, 178.0, 204.0], [229.0, 217.0, 198.0, 193.0, 206.0, 204.0, 181.0], [202.0, 207.0, 195.0, 194.0, 195.0, 203.0, 232.0], [208.0, 213.0, 202.0, 194.0, 195.0, 216.0, 198.0], [187.0, 196.0, 192.0, 222.0, 194.0, 222.0, 213.0], [207.0, 200.0, 220.0, 188.0, 215.0, 213.0, 187.0], [199.0, 211.0, 201.0, 211.0, 199.0, 194.0, 212.0]], "dim": ["Fr_MOX", "TC_MOX"], "mark": [[0.0, 0.028571428571428574, 0.05714285714285715, 0.08571428571428572, 0.1142857142857143, 0.14285714285714288, 0.17142857142857143, 0.2], [0.001495, 2.858424285714286, 5.715353571428572, 8.572282857142858, 11.429212142857144, 14.286141428571431, 17.143070714285713, 20.0]]}}}