{"header": {"BU_UOX": [30.0, 65.0], "BU_MOX": [30.0, 65.0], "Fr_MOX": [0.0, 0.2], "TC_MOX": [0.001495, 20.0], "Pu_TOT": [9.1675823, 20.303297]}, "tiles": {"TC_MOX/Pu_TOT": {"tile": [[0.18221822182218222, 0.11991199119911991, 0.0313031303130313], [0.18151815181518152, 0.12131213121312132, 0.030503050305030505], [0.17421742174217422, 0.13091309130913092, 0.028102810281028102]], "dim": ["TC_MOX", "Pu_TOT"], "mark": [[0.001495, 6.667663333333334, 13.333831666666669, 20.0], [9.1675823, 12.8794872, 16.5913921, 20.303297]]}, "BU_UOX/Fr_MOX": {"tile": [[0.11011101110111012, 0.11311131113111311, 0.10991099109910991], [0.11351135113511351, 0.10851085108510851, 0.1115111511151115], [0.11011101110111012, 0.1113111311131113, 0.11191119111911191]], "dim": ["BU_UOX", "Fr_MOX"], "mark": [[30.0, 41.666666666666664, 53.33333333333333, 65.0], [0.0, 0.06666666666666667, 0.13333333333333333, 0.2]]}, "BU_UOX/BU_MOX": {"tile": [[0.11311131113111311, 0.11021102110211022, 0.10981098109810981], [0.11071107110711072, 0.11011101110111012, 0.11271127112711271], [0.10951095109510951, 0.11301130113011301, 0.11081108110811082]], "dim": ["BU_UOX", "BU_MOX"], "mark": [[30.0, 41.666666666666664, 53.33333333333333, 65.0], [30.0, 41.666666666666664, 53.33333333333333, 65.0]]}, "BU_MOX/Pu_TOT": {"tile": [[0.16611661166116612, 0.13611361136113612, 0.031103110311031103], [0.18321832183218323, 0.1224122412241224, 0.027702770277027704], [0.18861886188618862, 0.11361136113611361, 0.031103110311031103]], "dim": ["BU_MOX", "Pu_TOT"], "mark": [[30.0, 41.666666666666664, 53.33333333333333, 65.0], [9.1675823, 12.8794872, 16.5913921, 20.303297]]}, "Fr_MOX/Pu_TOT": {"tile": [[0.040104010401040106, 0.2078207820782078, 0.0858085808580858], [0.20212021202120212, 0.1267126712671267, 0.004100410041004101], [0.29572957295729574, 0.037603760376037604, 0.0]], "dim": ["Fr_MOX", "Pu_TOT"], "mark": [[0.0, 0.06666666666666667, 0.13333333333333333, 0.2], [9.1675823, 12.8794872, 16.5913921, 20.303297]]}, "BU_MOX/Fr_MOX": {"tile": [[0.11261126112611261, 0.11201120112011201, 0.10871087108710871], [0.10891089108910891, 0.11201120112011201, 0.11241124112411241], [0.11221122112211221, 0.10891089108910891, 0.11221122112211221]], "dim": ["BU_MOX", "Fr_MOX"], "mark": [[30.0, 41.666666666666664, 53.33333333333333, 65.0], [0.0, 0.06666666666666667, 0.13333333333333333, 0.2]]}, "BU_MOX/TC_MOX": {"tile": [[0.1116111611161116, 0.11361136113611361, 0.10811081108110811], [0.10971097109710971, 0.10951095109510951, 0.11411141114111412], [0.11211121112111211, 0.11021102110211022, 0.111011101110111]], "dim": ["BU_MOX", "TC_MOX"], "mark": [[30.0, 41.666666666666664, 53.33333333333333, 65.0], [0.001495, 6.667663333333334, 13.333831666666669, 20.0]]}, "BU_UOX/Pu_TOT": {"tile": [[0.0818081808180818, 0.16771677167716773, 0.08360836083608361], [0.19411941194119411, 0.1331133113311331, 0.0063006300630063005], [0.26202620262026205, 0.0713071307130713, 0.0]], "dim": ["BU_UOX", "Pu_TOT"], "mark": [[30.0, 41.666666666666664, 53.33333333333333, 65.0], [9.1675823, 12.8794872, 16.5913921, 20.303297]]}, "BU_UOX/TC_MOX": {"tile": [[0.1109110911091109, 0.11251125112511251, 0.10971097109710971], [0.11201120112011201, 0.10681068106810682, 0.1147114711471147], [0.11051105110511052, 0.11401140114011402, 0.10881088108810881]], "dim": ["BU_UOX", "TC_MOX"], "mark": [[30.0, 41.666666666666664, 53.33333333333333, 65.0], [0.001495, 6.667663333333334, 13.333831666666669, 20.0]]}, "Fr_MOX/TC_MOX": {"tile": [[0.11341134113411341, 0.11411141114111412, 0.10621062106210621], [0.11001100110011001, 0.10691069106910692, 0.11601160116011601], [0.11001100110011001, 0.11231123112311231, 0.111011101110111]], "dim": ["Fr_MOX", "TC_MOX"], "mark": [[0.0, 0.06666666666666667, 0.13333333333333333, 0.2], [0.001495, 6.667663333333334, 13.333831666666669, 20.0]]}}}